<?xml version="1.0" encoding="UTF-8"?>
<beans xmlns ="http://www.springframework.org/schema/beans"
       xmlns:xsi="http://www.w3.org/2001/XMLSchema-instance"
       xmlns:context="http://www.springframework.org/schema/context"
       xsi:schemaLocation="http://www.springframework.org/schema/beans
        http://www.springframework.org/schema/beans/spring-beans.xsd
        http://www.springframework.org/schema/context
        http://www.springframework.org/schema/context/spring-context.xsd">


    <!--- Define your beans here -->


    <!--- Define the dependency -->
    <bean id="myFortune" class="com.luv2code.springdemo.HappyFortuneService">
    </bean>

    <bean id="myCoach" class="com.luv2code.springdemo.BaseballCoach"
    scope ="prototype">
        <!--- setup the constructor injection -->
        <constructor-arg ref="myFortune"/>
    </bean>

    <bean id="my2Coach" class="com.luv2code.springdemo.TrackCoach">
        <!--- setup the constructor injection -->
        <constructor-arg ref="myFortune"/>
    </bean>



</beans>